id,season,city,date,team1,team2,toss_winner,toss_decision,result,dl_applied,winner,win_by_runs,win_by_wickets,player_of_match,venue,umpire1,umpire2
1,2017,13,2017-04-05,13,12,12,1,1,0,13,0.9698004623968379,0.0,195,23,5,23
2,2017,24,2017-04-06,7,10,10,1,1,0,10,0.0,0.8334389767381968,172,16,1,33
3,2017,26,2017-04-07,3,6,6,1,1,0,6,0.0,1.0,29,25,27,11
4,2017,14,2017-04-08,10,4,4,1,1,0,4,0.0,0.7671437673065981,54,11,2,9
5,2017,2,2017-04-08,12,2,12,0,1,0,12,0.8747235217523348,0.0,82,14,17,37
6,2017,13,2017-04-09,3,13,13,1,1,0,13,0.0,0.9488659442403402,150,23,0,23
7,2017,21,2017-04-09,6,7,7,1,1,0,7,0.0,0.6088398163508368,123,34,27,11
8,2017,14,2017-04-10,12,4,12,0,1,0,4,0.0,0.8936277096882714,19,11,2,9
10,2017,21,2017-04-12,13,7,7,1,1,0,7,0.0,0.6088398163508368,73,34,27,11
11,2017,20,2017-04-13,4,6,6,1,1,0,6,0.0,0.8936277096882714,171,7,0,23
12,2017,2,2017-04-14,12,7,7,1,1,0,7,0.0,0.6088398163508368,76,14,23,2
13,2017,26,2017-04-14,10,3,3,1,1,0,3,0.0,0.8334389767381968,16,25,1,33
14,2017,20,2017-04-15,6,13,13,1,1,0,6,0.8910914251309066,0.0,149,7,5,23
16,2017,21,2017-04-16,3,7,7,1,1,0,7,0.0,0.7671437673065981,123,34,1,33
17,2017,2,2017-04-16,10,12,12,1,1,0,10,0.9444221249554847,0.0,24,14,23,9
18,2017,9,2017-04-17,2,6,2,0,1,0,6,0.0,0.6088398163508368,124,8,27,11
19,2017,13,2017-04-17,13,4,4,1,1,0,13,0.6924291978272559,0.0,22,23,5,0
20,2017,26,2017-04-18,12,3,3,1,1,0,12,0.9168078737881318,0.0,30,25,35,44
21,2017,13,2017-04-19,13,2,13,0,1,0,13,0.8747235217523348,0.0,85,23,13,23
22,2017,14,2017-04-20,4,7,7,1,1,0,7,0.0,0.8936277096882714,67,11,24,9
23,2017,20,2017-04-21,6,3,3,1,1,0,3,0.0,0.6088398163508368,164,7,13,24
24,2017,21,2017-04-22,7,2,2,1,1,0,7,0.8653284958441614,0.0,106,34,1,33
25,2017,24,2017-04-22,13,10,10,1,1,0,10,0.0,0.7671437673065981,116,16,5,0
26,2017,26,2017-04-23,4,3,3,1,1,0,4,0.9404724142378595,0.0,57,25,2,21
28,2017,21,2017-04-24,10,7,7,1,1,0,10,0.5859949005685898,0.0,24,34,1,33
29,2017,24,2017-04-26,10,6,6,1,1,0,6,0.0,0.8334389767381968,149,16,5,23
30,2017,2,2017-04-27,12,3,3,1,1,0,3,0.0,0.8334389767381968,16,14,2,9
31,2017,20,2017-04-28,2,6,6,1,1,0,6,0.0,0.8334389767381968,50,7,26,33
32,2017,6,2017-04-28,13,4,4,1,1,0,13,0.9404724142378595,0.0,150,21,27,11
34,2017,26,2017-04-29,3,7,3,0,2,0,7,0.0,0.0,79,25,2,10
35,2017,6,2017-04-30,2,4,4,1,1,0,4,0.0,1.0,178,21,43,11
36,2017,13,2017-04-30,13,6,6,1,1,0,13,0.9967980864381092,0.0,37,23,5,33
37,2017,21,2017-05-01,12,7,12,0,1,0,7,0.0,0.6930983618900909,144,34,2,10
38,2017,24,2017-05-01,3,10,10,1,1,0,10,0.0,0.6930983618900909,24,16,24,9
39,2017,9,2017-05-02,13,2,2,1,1,0,2,0.0,0.7671437673065981,120,8,43,24
40,2017,20,2017-05-03,6,10,10,1,1,0,10,0.0,0.6088398163508368,142,7,23,1
41,2017,9,2017-05-04,3,2,2,1,1,0,2,0.0,0.8334389767381968,147,8,24,24
42,2017,2,2017-05-05,4,12,12,1,1,0,4,0.9049218214284984,0.0,178,14,13,9
43,2017,13,2017-05-06,10,13,13,1,1,0,10,0.8433590235833608,0.0,69,23,23,2
45,2017,2,2017-05-07,12,6,6,1,1,0,6,0.0,0.7671437673065981,171,14,5,9
46,2017,6,2017-05-07,4,3,3,1,1,0,3,0.0,0.7671437673065981,46,21,1,44
47,2017,13,2017-05-08,7,13,7,0,1,0,13,0.0,0.8334389767381968,154,23,23,21
48,2017,6,2017-05-09,4,6,6,1,1,0,4,0.8653284958441614,0.0,111,21,1,33
49,2017,17,2017-05-10,3,2,2,1,1,0,2,0.0,0.3907242682510185,175,9,43,2
50,2017,21,2017-05-11,4,7,7,1,1,0,4,0.7556419898798483,0.0,190,34,0,1
51,2017,9,2017-05-12,2,10,2,0,1,0,2,0.7556419898798483,0.0,81,8,23,11
52,2017,17,2017-05-13,3,13,13,1,1,0,13,0.0,0.8936277096882714,121,9,2,24
53,2017,20,2017-05-13,7,6,6,1,1,0,7,0.7986633850672736,0.0,20,7,1,33
54,2017,24,2017-05-14,4,10,10,1,1,0,10,0.0,0.9488659442403402,69,16,5,0
55,2017,9,2017-05-14,12,2,12,0,1,0,12,0.8155966085025603,0.0,58,8,14,9
56,2017,21,2017-05-16,10,7,7,1,1,0,10,0.9110786462859171,0.0,192,34,35,9
57,2017,2,2017-05-17,13,6,6,1,1,1,6,0.0,0.8334389767381968,124,14,2,24
58,2017,2,2017-05-19,6,7,7,1,1,0,7,0.0,0.7671437673065981,86,14,26,24
59,2017,13,2017-05-21,7,10,7,0,1,0,7,0.34431061536305474,0.0,79,23,26,33
61,2008,6,2008-04-19,0,4,0,0,1,0,0,0.9643111639910493,0.0,102,22,25,39
62,2008,9,2008-04-19,9,2,9,0,1,0,2,0.0,0.9488659442403402,103,8,6,13
63,2008,21,2008-04-20,7,12,7,0,1,0,12,0.0,0.6930983618900909,118,34,37,12
64,2008,20,2008-04-20,1,6,1,0,1,0,6,0.0,0.6930983618900909,41,7,8,18
65,2008,15,2008-04-21,4,9,4,0,1,0,9,0.0,0.7671437673065981,174,26,6,27
66,2008,13,2008-04-22,1,2,1,0,1,0,2,0.0,0.9488659442403402,188,23,18,4
67,2008,7,2008-04-23,0,7,7,1,1,0,0,0.727453083295155,0.0,109,15,15,13
68,2008,13,2008-04-24,1,9,9,1,1,0,9,0.0,0.5104050731715652,193,23,7,22
70,2008,2,2008-04-26,12,9,9,1,1,0,9,0.0,0.8334389767381968,174,14,25,16
71,2008,7,2008-04-26,6,0,6,0,1,0,0,0.0,0.9488659442403402,70,15,8,5
72,2008,21,2008-04-27,7,1,1,1,1,0,1,0.0,1.0,10,4,7,39
73,2008,6,2008-04-27,2,4,2,0,1,0,4,0.0,0.6088398163508368,168,22,30,15
74,2008,2,2008-04-28,0,12,0,0,1,0,0,0.8549366913885268,0.0,116,14,11,27
75,2008,20,2008-04-29,6,7,6,0,1,0,7,0.0,0.8334389767381968,176,7,8,5
76,2008,9,2008-04-30,2,12,12,1,1,0,2,0.8155966085025603,0.0,51,8,6,15
77,2008,13,2008-05-01,1,4,4,1,1,0,4,0.0,0.8334389767381968,163,23,11,27
78,2008,15,2008-05-01,9,6,9,0,1,0,9,0.9916063175946399,0.0,158,26,30,13
79,2008,7,2008-05-02,0,2,0,0,1,0,2,0.0,0.8936277096882714,188,15,8,18
80,2008,13,2008-05-25,1,12,1,0,1,0,12,0.0,0.6930983618900909,140,23,7,28
81,2008,6,2008-05-03,4,6,4,0,1,0,4,0.7986633850672736,0.0,62,22,15,15
82,2008,21,2008-05-04,7,2,2,1,1,0,7,0.9517165147296933,0.0,169,4,18,28
83,2008,15,2008-05-04,0,9,0,0,1,0,9,0.0,0.8936277096882714,181,26,7,5
84,2008,2,2008-05-05,12,4,4,1,1,0,4,0.0,0.7671437673065981,157,14,37,8
85,2008,7,2008-05-06,0,1,1,1,1,0,1,0.0,0.8334389767381968,10,15,25,27
86,2008,21,2008-05-07,9,7,7,1,1,0,7,0.0,0.8334389767381968,3,4,15,28
87,2008,9,2008-05-08,2,0,0,1,1,0,0,0.0,0.6088398163508368,116,8,6,27
88,2008,20,2008-05-08,6,12,6,0,1,0,6,0.6924291978272559,0.0,162,7,7,16
89,2008,15,2008-05-09,1,9,9,1,1,0,9,0.0,0.8936277096882714,193,26,25,4
90,2008,2,2008-05-28,12,7,7,1,1,0,7,0.0,0.9488659442403402,35,14,8,5
91,2008,7,2008-05-10,0,4,4,1,1,0,0,0.8982815962986972,0.0,87,15,4,6
92,2008,13,2008-05-11,6,1,6,0,1,0,6,0.9271653226354786,0.0,162,23,18,4
93,2008,15,2008-05-11,2,9,9,1,1,0,9,0.0,0.5104050731715652,174,26,37,28
94,2008,6,2008-05-12,12,4,12,0,1,0,4,0.0,0.9488659442403402,163,22,11,15
95,2008,20,2008-05-13,6,2,6,0,1,0,6,0.9271653226354786,0.0,180,7,7,16
96,2008,21,2008-05-14,0,7,7,1,1,0,7,0.0,0.9488659442403402,176,34,11,4
97,2008,6,2008-05-28,4,9,9,1,1,0,4,0.9838302280867515,0.0,163,22,37,18
98,2008,9,2008-05-15,2,1,1,1,1,0,2,0.8433590235833608,0.0,2,8,9,13
99,2008,21,2008-05-16,6,7,7,1,1,0,7,0.0,0.8936277096882714,169,34,11,12
100,2008,9,2008-05-17,2,4,2,0,1,1,4,0.727453083295155,0.0,45,8,4,28
102,2008,13,2008-05-18,7,1,1,1,1,0,7,0.936295334078334,0.0,39,23,11,12
103,2008,20,2008-05-18,6,0,6,0,1,1,0,0.5859949005685898,0.0,95,7,7,18
104,2008,2,2008-05-19,12,2,2,1,1,0,2,0.0,0.6930983618900909,170,14,37,13
105,2008,20,2008-05-20,6,9,9,1,1,0,9,0.0,0.7671437673065981,193,7,9,28
106,2008,21,2008-05-21,4,7,7,1,1,0,4,0.34431061536305474,0.0,163,34,8,13
107,2008,7,2008-05-21,12,0,12,0,1,0,12,0.8653284958441614,0.0,1,15,15,15
108,2008,6,2008-05-23,1,4,4,1,1,0,4,0.0,0.7671437673065981,163,22,7,36
109,2008,9,2008-05-24,7,2,2,1,1,0,2,0.0,0.6930983618900909,78,8,8,18
110,2008,7,2008-05-24,9,0,9,0,1,0,9,0.8155966085025603,0.0,66,15,15,39
111,2008,2,2008-05-03,12,1,1,1,1,0,12,0.5859949005685898,0.0,126,14,11,39
112,2008,20,2008-05-25,4,6,4,0,1,0,6,0.0,0.5104050731715652,186,7,37,15
113,2008,15,2008-05-26,7,9,9,1,1,0,9,0.0,0.6930983618900909,181,26,8,18
114,2008,13,2008-05-27,1,0,1,0,1,0,0,0.0,0.8334389767381968,164,23,9,4
116,2008,21,2008-05-31,4,0,4,0,1,0,0,0.0,0.9488659442403402,95,34,7,12
117,2008,21,2008-06-01,0,9,9,1,1,0,9,0.0,0.5104050731715652,193,4,8,28
118,2009,4,2009-04-18,7,0,0,1,1,0,7,0.9049218214284984,0.0,173,19,11,18
120,2009,4,2009-04-19,4,2,2,1,1,1,2,0.0,1.0,43,19,25,35
121,2009,4,2009-04-19,6,1,6,0,1,0,1,0.0,0.8936277096882714,146,19,25,8
123,2009,11,2009-04-21,4,6,6,1,1,1,6,0.8303521379453975,0.0,30,13,15,35
124,2009,4,2009-04-22,1,12,1,0,1,0,1,0.9318682677321353,0.0,10,19,24,4
125,2009,11,2009-04-23,2,0,2,0,1,0,2,0.7986633850672736,0.0,9,13,11,37
126,2009,4,2009-04-23,9,6,6,1,2,0,9,0.0,0.0,193,19,25,21
127,2009,11,2009-04-24,12,4,12,0,1,0,4,0.0,0.8334389767381968,148,13,11,42
128,2009,11,2009-04-25,1,7,1,0,1,0,1,0.8433590235833608,0.0,133,13,17,37
129,2009,23,2009-04-26,12,2,12,0,1,0,2,0.0,0.7671437673065981,184,30,33,6
130,2009,4,2009-04-26,4,9,4,0,1,0,4,0.9444221249554847,0.0,77,19,24,18
131,2009,11,2009-04-27,0,1,1,1,1,0,1,0.0,0.7671437673065981,55,13,18,42
133,2009,5,2009-04-28,2,9,2,0,1,0,9,0.0,0.6930983618900909,193,32,16,28
134,2009,11,2009-04-29,6,12,6,0,1,0,12,0.0,0.6930983618900909,118,13,25,42
135,2009,11,2009-04-29,4,7,4,0,1,0,4,0.5859949005685898,0.0,77,13,25,39
136,2009,5,2009-04-30,1,2,2,1,1,0,2,0.0,0.7671437673065981,44,32,16,4
137,2009,5,2009-04-30,0,9,9,1,1,0,0,0.9772231539774787,0.0,164,32,16,28
138,2009,12,2009-05-01,7,6,7,0,1,0,7,0.7986633850672736,0.0,74,2,24,38
139,2009,11,2009-05-01,12,4,12,0,1,0,12,0.7789601914736602,0.0,195,13,17,33
140,2009,23,2009-05-02,1,9,1,0,1,0,9,0.0,0.5104050731715652,193,30,33,6
141,2009,16,2009-05-02,0,2,2,1,1,0,0,0.8982815962986972,0.0,160,18,15,28
142,2009,23,2009-05-03,6,4,6,0,1,0,4,0.0,0.7671437673065981,45,30,33,22
143,2009,16,2009-05-03,7,12,7,0,1,0,12,0.0,0.9488659442403402,72,18,30,42
146,2009,11,2009-05-05,6,2,6,0,1,0,2,0.0,0.9488659442403402,50,13,16,16
147,2009,5,2009-05-06,1,7,1,0,1,0,1,0.9049218214284984,0.0,144,32,25,14
148,2009,5,2009-05-07,12,9,9,1,1,0,9,0.0,0.8334389767381968,4,32,21,12
149,2009,5,2009-05-07,0,4,0,0,1,1,0,0.8433590235833608,0.0,109,32,15,42
150,2009,12,2009-05-08,7,2,7,0,1,0,2,0.0,0.8334389767381968,3,2,24,38
151,2009,18,2009-05-09,1,4,4,1,1,0,4,0.0,0.5104050731715652,45,3,16,4
152,2009,18,2009-05-09,9,0,9,0,1,0,0,0.0,0.8334389767381968,153,3,16,14
153,2009,23,2009-05-10,7,12,7,0,1,0,7,0.8832712074845621,0.0,74,30,11,6
154,2009,16,2009-05-10,6,2,2,1,1,0,2,0.0,0.8334389767381968,2,18,40,27
156,2009,5,2009-05-12,6,12,12,1,1,0,12,0.0,0.7671437673065981,91,32,24,40
157,2009,5,2009-05-12,4,7,4,0,1,0,7,0.0,0.8936277096882714,59,32,41,28
158,2009,11,2009-05-13,2,1,1,1,1,0,2,0.8433590235833608,0.0,137,13,15,39
159,2009,11,2009-05-14,0,12,0,0,1,0,12,0.0,0.3907242682510185,91,13,11,12
160,2009,11,2009-05-14,9,7,9,0,1,0,9,0.4959400783779975,0.0,166,13,11,12
161,2009,3,2009-05-15,2,4,4,1,1,0,4,0.0,0.7671437673065981,23,20,17,16
162,2009,23,2009-05-16,7,0,7,0,1,0,0,0.0,0.8334389767381968,109,30,39,37
163,2009,16,2009-05-16,6,1,1,1,1,0,1,0.0,0.7671437673065981,144,18,30,33
164,2009,16,2009-05-17,4,1,1,1,1,0,4,0.34431061536305474,0.0,195,18,35,27
165,2009,3,2009-05-17,2,9,2,0,1,0,2,0.8653284958441614,0.0,9,20,41,16
166,2009,5,2009-05-18,0,6,0,0,1,0,6,0.0,0.8334389767381968,27,32,38,27
167,2009,16,2009-05-19,2,12,2,0,1,0,12,0.0,0.8334389767381968,72,18,18,27
168,2009,11,2009-05-20,9,6,6,1,1,0,6,0.0,0.6088398163508368,90,13,9,37
169,2009,11,2009-05-20,0,4,0,0,1,0,0,0.9318682677321353,0.0,94,13,9,37
170,2009,5,2009-05-21,7,2,2,1,1,0,2,0.0,0.6088398163508368,188,32,18,33
171,2009,5,2009-05-21,12,1,12,0,1,0,12,0.8433590235833608,0.0,107,32,18,33
172,2009,5,2009-05-22,2,1,1,1,1,0,1,0.0,0.7671437673065981,10,32,11,12
173,2009,16,2009-05-23,0,12,12,1,1,0,12,0.0,0.7671437673065981,107,18,30,37
174,2009,16,2009-05-24,1,12,12,1,1,0,1,0.727453083295155,0.0,1,18,30,37
175,2010,21,2010-03-12,6,1,1,1,1,0,6,0.8303521379453975,0.0,13,4,30,27
176,2010,21,2010-03-13,7,9,7,0,1,0,7,0.6472844587132678,0.0,193,1,30,27
177,2010,6,2010-03-13,4,2,2,1,1,0,2,0.0,0.6930983618900909,50,22,11,33
178,2010,20,2010-03-14,12,6,6,1,1,0,6,0.0,0.8334389767381968,108,7,17,4
179,2010,7,2010-03-14,1,0,1,0,1,0,1,0.9583112289783675,0.0,191,15,21,12
180,2010,1,2010-03-15,9,2,2,1,1,0,2,0.0,0.7671437673065981,188,24,9,28
181,2010,2,2010-03-16,4,12,4,0,1,0,12,0.0,0.8936277096882714,72,14,34,12
184,2010,2,2010-03-18,9,12,12,1,1,0,12,0.0,1.0,72,14,21,12
185,2010,9,2010-03-19,2,0,2,0,1,0,0,0.0,0.6930983618900909,109,8,11,38
186,2010,8,2010-03-19,1,4,4,1,1,0,1,0.727453083295155,0.0,5,0,8,21
187,2010,1,2010-03-20,9,6,9,0,1,0,9,0.9671150471661265,0.0,7,24,30,27
188,2010,21,2010-03-20,7,12,7,0,1,0,12,0.0,0.8334389767381968,72,1,17,40
189,2010,8,2010-03-21,1,2,1,0,1,0,1,0.8155966085025603,0.0,5,0,8,21
190,2010,7,2010-03-21,4,0,0,1,2,0,4,0.0,0.0,65,15,21,12
191,2010,21,2010-03-22,6,7,6,0,1,0,7,0.0,0.8334389767381968,173,1,41,37
192,2010,2,2010-03-23,12,0,0,1,1,0,12,0.9723755025783882,0.0,149,14,30,27
193,2010,6,2010-03-24,9,4,4,1,1,0,9,0.9583112289783675,0.0,11,22,11,38
194,2010,21,2010-03-25,0,7,7,1,1,0,7,0.0,0.6930983618900909,173,1,8,4
195,2010,1,2010-03-26,1,9,1,0,1,0,9,0.0,0.8936277096882714,193,24,17,37
196,2010,6,2010-03-27,6,4,6,0,1,0,6,0.9795085262616949,0.0,108,22,11,33
197,2010,2,2010-03-25,2,12,12,1,1,0,2,0.8910914251309066,0.0,82,14,9,28
198,2010,1,2010-03-28,9,0,9,0,1,0,9,0.8910914251309066,0.0,125,24,41,37
199,2010,21,2010-03-28,7,1,1,1,1,0,7,0.9838302280867515,0.0,59,4,34,18
200,2010,9,2010-03-29,2,6,2,0,1,0,2,0.9817091863468492,0.0,37,8,41,37
201,2010,21,2010-03-30,4,7,7,1,1,0,7,0.0,0.6088398163508368,167,1,11,38
202,2010,7,2010-03-31,12,0,12,0,1,0,0,0.0,0.6930983618900909,96,15,9,28
204,2010,20,2010-04-01,6,1,6,0,1,0,6,0.9318682677321353,0.0,162,7,21,12
205,2010,6,2010-04-02,4,12,4,0,1,0,12,0.0,0.7671437673065981,84,22,8,21
206,2010,7,2010-04-03,0,9,0,0,1,0,0,0.9271653226354786,0.0,96,15,30,27
208,2010,20,2010-04-04,6,4,6,0,1,0,4,0.0,0.8936277096882714,45,7,33,12
209,2010,9,2010-04-04,2,12,2,0,1,0,2,0.9748475080052357,0.0,131,8,8,21
210,2010,22,2010-04-05,9,1,9,0,1,0,9,0.4959400783779975,0.0,166,33,17,37
211,2010,7,2010-04-06,0,7,0,0,1,0,0,0.9318682677321353,0.0,164,15,33,12
212,2010,15,2010-04-07,4,9,4,0,1,0,9,0.0,0.9488659442403402,105,26,35,38
213,2010,20,2010-04-07,6,2,6,0,1,0,6,0.8653284958441614,0.0,162,7,9,28
214,2010,2,2010-04-08,12,1,1,1,1,0,1,0.0,0.8334389767381968,183,14,33,12
215,2010,6,2010-04-09,7,4,7,0,1,0,4,0.0,0.7671437673065981,77,22,24,4
216,2010,22,2010-04-10,0,1,0,0,1,0,1,0.0,0.7671437673065981,145,33,17,37
217,2010,2,2010-04-10,6,12,12,1,1,0,12,0.0,0.8334389767381968,140,14,21,12
218,2010,9,2010-04-11,2,4,2,0,1,0,4,0.0,0.8334389767381968,132,8,8,4
219,2010,15,2010-04-11,7,9,9,1,1,0,7,0.9748475080052357,0.0,173,26,11,38
220,2010,22,2010-04-12,1,12,12,1,1,0,1,0.8549366913885268,0.0,60,33,30,27
221,2010,21,2010-04-13,7,2,7,0,1,0,7,0.9795085262616949,0.0,76,1,33,12
222,2010,7,2010-04-13,6,0,6,0,1,0,0,0.0,0.9488659442403402,136,15,41,37
223,2010,15,2010-04-14,9,12,9,0,1,0,12,0.0,0.6930983618900909,84,26,11,33
224,2010,7,2010-04-15,0,2,0,0,1,0,2,0.0,0.7671437673065981,50,15,17,40
225,2010,10,2010-04-16,4,1,1,1,1,0,1,0.0,0.6930983618900909,144,10,24,4
227,2010,20,2010-04-17,9,6,9,0,1,0,6,0.0,0.8936277096882714,69,7,9,27
228,2010,10,2010-04-18,4,0,0,1,1,0,0,0.0,0.7671437673065981,116,10,8,4
229,2010,9,2010-04-18,1,2,1,0,1,0,1,0.8303521379453975,0.0,5,8,11,38
230,2010,20,2010-04-19,7,6,7,0,1,0,6,0.0,0.9488659442403402,92,7,9,28
231,2010,21,2010-04-21,7,12,7,0,1,0,7,0.9698004623968379,0.0,76,4,11,27
232,2010,21,2010-04-22,0,1,0,0,1,0,0,0.9772231539774787,0.0,38,4,11,27
233,2010,21,2010-04-24,1,12,1,0,1,0,12,0.0,0.9488659442403402,1,4,30,37
234,2010,21,2010-04-25,0,7,0,0,1,0,0,0.9221566944978739,0.0,164,4,30,37
235,2011,7,2011-04-08,0,6,0,0,1,0,0,0.4959400783779975,0.0,151,15,11,26
236,2011,13,2011-04-09,1,9,9,1,1,0,9,0.0,0.8936277096882714,165,23,30,38
237,2011,19,2011-04-09,5,12,5,0,1,0,12,0.0,0.7671437673065981,9,17,17,18
238,2011,9,2011-04-10,2,7,2,0,1,0,7,0.0,0.8936277096882714,167,8,3,27
239,2011,21,2011-04-10,4,8,4,0,1,0,8,0.0,0.8334389767381968,161,4,11,26
240,2011,20,2011-04-11,6,1,6,0,1,0,6,0.7986633850672736,0.0,72,7,30,38
241,2011,15,2011-04-12,2,9,2,0,1,0,9,0.0,0.7671437673065981,166,26,6,27
242,2011,2,2011-04-12,12,7,7,1,1,0,7,0.0,0.9488659442403402,173,14,17,3
243,2011,6,2011-04-13,0,4,4,1,1,0,4,0.0,0.7671437673065981,130,22,7,39
244,2011,21,2011-04-13,5,8,5,0,1,0,8,0.0,0.6088398163508368,101,4,33,26
245,2011,13,2011-04-14,1,12,12,1,1,0,1,0.9643111639910493,0.0,47,23,30,33
246,2011,15,2011-04-15,9,6,6,1,1,0,6,0.0,0.9488659442403402,50,26,6,40
247,2011,21,2011-04-15,7,5,5,1,1,0,5,0.0,0.8936277096882714,25,34,11,26
248,2011,7,2011-04-16,0,12,0,0,1,0,0,0.9168078737881318,0.0,102,15,17,3
249,2011,13,2011-04-16,1,4,4,1,1,0,4,0.0,0.8936277096882714,130,23,30,33
250,2011,21,2011-04-17,8,2,2,1,1,0,2,0.0,0.5104050731715652,195,4,7,4
251,2011,20,2011-04-17,9,6,6,1,1,0,6,0.0,0.8936277096882714,87,7,6,27
252,2011,19,2011-04-18,0,5,5,1,1,1,5,0.0,0.8334389767381968,25,17,21,3
253,2011,9,2011-04-19,1,2,1,0,1,0,1,0.8832712074845621,0.0,156,8,29,29
254,2011,21,2011-04-20,8,7,8,0,1,0,7,0.0,0.8334389767381968,110,34,7,4
255,2011,20,2011-04-20,5,6,6,1,1,0,5,0.727453083295155,0.0,45,7,6,27
256,2011,6,2011-04-21,4,9,9,1,1,0,4,0.9967980864381092,0.0,163,22,33,26
257,2011,21,2011-04-22,7,0,0,1,1,0,7,0.7789601914736602,0.0,59,34,7,4
258,2011,20,2011-04-22,6,12,12,1,1,0,12,0.0,0.9488659442403402,30,7,41,27
259,2011,9,2011-04-23,2,4,4,1,1,0,2,0.9517165147296933,0.0,37,8,33,28
260,2011,13,2011-04-24,7,1,1,1,1,0,7,0.9748475080052357,0.0,167,23,17,3
261,2011,15,2011-04-24,5,9,9,1,1,0,9,0.0,0.8936277096882714,166,26,11,38
262,2011,7,2011-04-25,0,8,8,1,1,0,0,0.936295334078334,0.0,102,15,6,27
263,2011,9,2011-04-26,2,12,12,1,1,0,12,0.0,0.5104050731715652,187,8,33,29
264,2011,21,2011-04-27,8,0,8,0,1,0,0,0.0,0.8936277096882714,38,4,7,39
266,2011,9,2011-04-28,6,2,2,1,1,0,6,0.8910914251309066,0.0,108,8,29,29
267,2011,15,2011-04-29,7,9,9,1,1,0,9,0.0,0.8334389767381968,64,26,7,38
268,2011,2,2011-04-29,12,8,8,1,1,0,12,0.9404724142378595,0.0,187,14,6,40
269,2011,19,2011-04-30,2,5,2,0,1,0,2,0.9772231539774787,0.0,188,17,17,3
270,2011,20,2011-04-30,4,6,6,1,1,0,6,0.0,0.8936277096882714,63,7,3,39
271,2011,15,2011-05-01,8,9,9,1,1,0,9,0.0,0.7671437673065981,91,26,39,37
272,2011,7,2011-05-01,0,1,0,0,1,0,0,0.9049218214284984,0.0,66,15,6,27
273,2011,21,2011-05-02,7,4,4,1,1,0,7,0.9271653226354786,0.0,76,34,17,26
274,2011,9,2011-05-02,2,5,5,1,1,0,5,0.0,0.8334389767381968,128,8,7,39
275,2011,13,2011-05-03,6,1,1,1,1,0,6,0.9110786462859171,0.0,193,23,33,29
276,2011,7,2011-05-04,9,0,9,0,1,0,0,0.0,0.8936277096882714,102,15,41,27
277,2011,21,2011-05-04,7,8,8,1,1,0,7,0.9168078737881318,0.0,139,4,17,37
278,2011,19,2011-05-05,5,6,6,1,1,0,5,0.8910914251309066,0.0,27,17,35,29
279,2011,13,2011-05-05,1,2,2,1,1,0,2,0.0,0.6088398163508368,188,23,7,4
281,2011,20,2011-05-07,0,6,0,0,1,1,6,0.8155966085025603,0.0,63,7,7,26
282,2011,21,2011-05-07,7,2,2,1,1,0,7,0.9613798652445438,0.0,20,34,21,37
283,2011,2,2011-05-08,5,12,5,0,1,0,12,0.0,0.9488659442403402,30,14,6,40
284,2011,6,2011-05-08,4,8,4,0,1,0,8,0.0,0.6930983618900909,139,22,39,29
286,2011,13,2011-05-10,1,8,1,0,1,0,8,0.0,0.7671437673065981,114,23,7,4
288,2011,15,2011-05-11,9,12,12,1,1,0,12,0.0,0.9488659442403402,152,26,17,18
289,2011,7,2011-05-12,0,2,0,0,1,0,0,0.8982815962986972,0.0,116,15,3,39
290,2011,14,2011-05-13,5,4,4,1,1,0,4,0.0,0.7671437673065981,78,11,33,29
291,2011,2,2011-05-14,6,12,12,1,1,1,12,0.0,0.6088398163508368,30,14,30,27
292,2011,21,2011-05-14,1,7,1,0,1,0,1,0.8155966085025603,0.0,2,34,35,38
293,2011,10,2011-05-15,4,2,2,1,1,0,4,0.9517165147296933,0.0,132,10,7,39
294,2011,14,2011-05-15,9,5,5,1,1,0,5,0.0,0.8936277096882714,27,11,29,29
295,2011,21,2011-05-16,8,1,1,1,1,0,1,0.0,0.7671437673065981,2,4,35,38
297,2011,7,2011-05-18,0,5,0,0,1,0,0,0.8303521379453975,0.0,190,15,17,28
298,2011,21,2011-05-19,8,6,6,1,1,0,6,0.0,0.8334389767381968,193,4,35,37
299,2011,21,2011-05-20,7,9,7,0,1,0,9,0.0,1.0,174,34,30,26
301,2011,9,2011-05-21,2,8,2,0,0,0,7,0.0,0.0,30,8,41,29
302,2011,2,2011-05-22,0,12,12,1,1,0,12,0.0,0.8936277096882714,30,14,21,28
303,2011,20,2011-05-22,6,7,7,1,1,0,7,0.0,0.6930983618900909,71,7,39,37
304,2011,21,2011-05-24,12,0,0,1,1,0,0,0.0,0.7671437673065981,164,34,7,37
305,2011,21,2011-05-25,6,7,7,1,1,0,7,0.0,0.6088398163508368,110,34,7,37
306,2011,7,2011-05-27,12,7,7,1,1,0,12,0.9878517836004921,0.0,30,15,7,37
308,2012,7,2012-04-04,0,7,7,1,1,0,7,0.0,0.8936277096882714,143,15,19,37
309,2012,20,2012-04-05,6,2,2,1,1,0,2,0.0,0.8936277096882714,62,7,33,14
310,2012,21,2012-04-06,8,7,7,1,1,0,8,0.9481643211575561,0.0,172,34,2,37
311,2012,15,2012-04-06,9,4,4,1,1,0,9,0.9583112289783675,0.0,17,26,8,38
312,2012,2,2012-04-07,12,2,2,1,1,0,12,0.9110786462859171,0.0,9,14,33,33
314,2012,15,2012-04-08,9,6,6,1,1,0,9,0.9221566944978739,0.0,27,26,8,43
315,2012,24,2012-04-08,8,4,8,0,1,0,8,0.9221566944978739,0.0,112,31,34,37
316,2012,29,2012-04-09,1,7,1,0,1,0,7,0.0,0.6930983618900909,144,5,2,17
317,2012,2,2012-04-10,6,12,12,1,1,0,6,0.9858763270409212,0.0,87,14,35,29
318,2012,9,2012-04-10,0,2,2,1,1,0,2,0.0,0.8936277096882714,93,8,7,38
319,2012,21,2012-04-11,7,9,9,1,1,0,7,0.9444221249554847,0.0,76,34,6,7
320,2012,7,2012-04-12,12,0,12,0,1,0,0,0.0,0.6930983618900909,49,15,17,29
321,2012,6,2012-04-12,8,4,4,1,1,0,4,0.0,0.8334389767381968,12,22,42,38
322,2012,20,2012-04-13,9,6,9,0,1,0,6,0.0,0.6930983618900909,179,7,7,31
323,2012,9,2012-04-19,1,2,1,0,1,0,2,0.0,0.6930983618900909,84,8,8,38
324,2012,24,2012-04-14,0,8,0,0,1,0,8,0.0,0.8334389767381968,68,31,6,7
325,2012,20,2012-04-15,4,6,6,1,1,0,4,0.4959400783779975,0.0,171,7,7,31
327,2012,21,2012-04-16,7,2,2,1,1,0,2,0.0,0.8334389767381968,155,34,8,38
328,2012,15,2012-04-17,1,9,1,0,1,0,9,0.0,0.6930983618900909,27,26,6,7
329,2012,2,2012-04-17,8,12,8,0,1,0,12,0.0,0.7671437673065981,30,14,33,32
330,2012,6,2012-04-18,4,6,4,0,1,0,6,0.0,0.8936277096882714,50,22,19,29
331,2012,13,2012-05-10,1,2,1,0,1,0,2,0.0,0.9488659442403402,37,23,19,37
332,2012,7,2012-04-19,0,8,8,1,1,0,0,0.8549366913885268,0.0,83,15,7,32
333,2012,6,2012-04-20,4,12,12,1,1,0,12,0.0,0.6930983618900909,30,22,35,29
334,2012,7,2012-04-21,9,0,9,0,1,0,0,0.0,0.8334389767381968,49,15,6,7
335,2012,9,2012-04-21,8,2,2,1,1,0,8,0.9110786462859171,0.0,162,8,7,32
336,2012,21,2012-04-22,7,4,7,0,1,0,4,0.0,0.7671437673065981,163,34,35,29
337,2012,8,2012-04-22,1,6,6,1,1,0,6,0.0,0.6930983618900909,23,0,8,38
338,2012,15,2012-04-23,12,9,9,1,1,0,12,0.9933924381659665,0.0,9,26,7,31
339,2012,24,2012-04-24,8,2,8,0,1,0,2,0.0,0.8936277096882714,188,31,35,29
340,2012,6,2012-04-25,4,7,4,0,1,0,7,0.0,0.6088398163508368,20,22,6,7
341,2012,24,2012-04-26,1,8,1,0,1,0,1,0.8982815962986972,0.0,33,31,35,29
342,2012,9,2012-04-27,2,7,7,1,1,0,2,0.9748475080052357,0.0,188,8,6,7
343,2012,7,2012-04-28,4,0,4,0,1,0,4,0.7556419898798483,0.0,119,15,8,38
344,2012,20,2012-04-28,6,12,6,0,1,0,6,0.9951220579095903,0.0,50,7,7,8
345,2012,9,2012-04-29,2,9,2,0,1,0,2,0.34431061536305474,0.0,188,8,35,29
346,2012,21,2012-04-29,1,7,7,1,1,0,7,0.0,0.6930983618900909,47,34,2,7
347,2012,7,2012-04-30,0,6,0,0,1,0,6,0.0,0.6930983618900909,50,15,8,9
348,2012,8,2012-05-01,1,8,1,0,1,0,1,0.8549366913885268,0.0,77,0,6,2
349,2012,15,2012-05-01,9,2,9,0,1,0,2,0.0,0.7671437673065981,127,26,19,37
350,2012,2,2012-05-02,12,4,4,1,1,0,4,0.0,0.6088398163508368,21,14,8,9
351,2012,24,2012-05-03,7,8,7,0,1,0,7,0.34431061536305474,0.0,167,31,7,31
352,2012,7,2012-05-04,0,1,0,0,1,0,0,0.8155966085025603,0.0,164,15,17,7
353,2012,20,2012-05-05,6,8,6,0,1,0,6,0.7556419898798483,0.0,171,7,8,38
354,2012,6,2012-05-05,9,4,9,0,1,0,9,0.9878517836004921,0.0,174,22,19,37
355,2012,21,2012-05-06,0,7,7,1,1,0,7,0.0,0.3907242682510185,46,34,7,31
356,2012,2,2012-05-06,1,12,12,1,1,0,12,0.0,0.6930983618900909,9,14,17,7
357,2012,9,2012-05-07,2,6,2,0,1,0,6,0.0,0.7671437673065981,72,8,19,33
358,2012,24,2012-05-08,8,9,8,0,1,0,9,0.0,0.8334389767381968,174,31,7,8
359,2012,13,2012-05-08,4,1,1,1,1,0,4,0.936295334078334,0.0,119,23,17,7
360,2012,21,2012-05-09,7,12,12,1,1,0,12,0.0,0.9488659442403402,30,34,8,43
361,2012,15,2012-05-10,9,0,0,1,1,0,0,0.0,0.6088398163508368,28,26,10,9
362,2012,24,2012-05-11,12,8,8,1,1,0,12,0.9698004623968379,0.0,30,31,8,38
363,2012,20,2012-05-12,7,6,7,0,1,0,7,0.9444221249554847,0.0,144,7,35,37
364,2012,7,2012-05-12,2,0,0,1,1,0,0,0.0,0.9488659442403402,28,15,34,8
365,2012,15,2012-05-13,9,8,9,0,1,0,9,0.9916063175946399,0.0,0,26,8,38
366,2012,6,2012-05-13,1,4,1,0,1,0,4,0.0,0.6088398163508368,41,22,17,7
367,2012,2,2012-05-14,12,7,7,1,1,0,7,0.0,0.6930983618900909,20,14,34,8
368,2012,20,2012-05-14,6,0,0,1,1,0,0,0.0,0.6930983618900909,102,7,19,37
369,2012,9,2012-05-15,4,2,4,0,1,0,2,0.0,0.6930983618900909,185,8,17,7
370,2012,21,2012-05-16,6,7,7,1,1,0,6,0.9613798652445438,0.0,171,34,34,8
371,2012,10,2012-05-17,0,4,4,1,1,0,4,0.0,0.7671437673065981,10,10,42,38
372,2012,9,2012-05-17,12,2,2,1,1,0,12,0.9168078737881318,0.0,30,8,17,9
373,2012,13,2012-05-18,9,1,9,0,1,0,1,0.0,0.6930983618900909,47,23,35,37
374,2012,10,2012-05-19,4,2,2,1,1,0,2,0.0,0.7671437673065981,185,10,8,43
375,2012,24,2012-05-19,6,8,6,0,1,0,6,0.9671150471661265,0.0,179,31,33,8
376,2012,13,2012-05-20,1,12,12,1,1,0,1,0.7986633850672736,0.0,47,23,35,37
377,2012,15,2012-05-20,9,7,9,0,1,0,7,0.0,1.0,46,26,17,9
378,2012,24,2012-05-22,6,2,6,0,1,0,6,0.8982815962986972,0.0,193,31,11,37
379,2012,2,2012-05-23,0,7,7,1,1,0,0,0.9772231539774787,0.0,116,14,8,14
381,2012,7,2012-05-27,0,6,0,0,1,0,6,0.0,0.6930983618900909,115,15,8,37
382,2013,20,2013-04-03,2,6,6,1,1,0,6,0.0,0.7671437673065981,171,7,35,37
383,2013,2,2013-04-04,12,7,7,1,1,0,12,0.4959400783779975,0.0,30,14,42,9
384,2013,13,2013-04-05,13,8,8,1,1,0,13,0.9221566944978739,0.0,2,23,35,37
385,2013,9,2013-04-06,9,2,9,0,1,0,9,0.6924291978272559,0.0,138,8,34,9
386,2013,7,2013-04-06,7,0,7,0,1,0,7,0.7986633850672736,0.0,76,15,24,43
387,2013,24,2013-04-07,8,4,8,0,1,0,4,0.0,0.8936277096882714,97,31,33,37
388,2013,13,2013-04-07,12,13,12,0,2,0,13,0.0,0.0,52,23,2,33
389,2013,15,2013-04-08,9,6,6,1,1,0,9,0.9049218214284984,0.0,165,26,6,32
390,2013,21,2013-04-09,7,2,7,0,1,0,7,0.9897605608033992,0.0,78,34,24,43
391,2013,6,2013-04-10,4,0,0,1,1,0,0,0.0,1.0,102,22,6,9
392,2013,2,2013-04-11,6,12,12,1,1,0,12,0.0,0.8936277096882714,30,14,7,2
393,2013,24,2013-04-11,9,8,9,0,1,0,8,0.0,0.8334389767381968,15,31,24,19
394,2013,9,2013-04-12,2,13,2,0,1,0,13,0.0,0.5104050731715652,2,8,6,41
395,2013,21,2013-04-13,7,8,7,0,1,0,7,0.9838302280867515,0.0,144,34,35,37
396,2013,7,2013-04-13,12,0,0,1,1,0,0,0.0,0.6088398163508368,141,15,7,2
397,2013,20,2013-04-14,6,13,6,0,1,0,6,0.9967980864381092,0.0,50,7,24,43
398,2013,15,2013-04-14,4,9,9,1,1,0,9,0.0,0.7671437673065981,75,26,6,9
399,2013,7,2013-04-15,8,0,8,0,1,0,8,0.9318682677321353,0.0,172,15,7,2
400,2013,6,2013-04-16,4,6,6,1,1,0,4,0.6472844587132678,0.0,117,22,14,37
401,2013,2,2013-04-16,2,12,12,1,2,0,12,0.0,0.0,187,14,24,43
402,2013,24,2013-04-17,13,8,8,1,1,0,13,0.8303521379453975,0.0,2,31,7,2
405,2013,13,2013-04-19,4,13,4,0,1,0,13,0.0,0.6930983618900909,52,23,17,11
406,2013,20,2013-04-20,6,0,6,0,1,0,0,0.0,0.6088398163508368,141,7,7,2
407,2013,2,2013-04-20,9,12,12,1,1,0,12,0.0,0.8334389767381968,140,14,6,9
408,2013,9,2013-04-21,7,2,7,0,1,0,2,0.0,0.9488659442403402,188,8,17,33
409,2013,6,2013-04-21,8,4,4,1,1,0,4,0.0,0.8334389767381968,36,22,24,19
410,2013,7,2013-04-22,9,0,9,0,1,0,0,0.0,0.6930983618900909,102,15,33,2
412,2013,10,2013-05-16,4,2,2,1,1,0,4,0.7556419898798483,0.0,36,10,17,33
413,2013,20,2013-04-24,6,7,6,0,1,0,7,0.0,0.6930983618900909,46,7,17,33
414,2013,7,2013-04-25,13,0,13,0,1,0,0,0.0,0.6930983618900909,116,15,6,32
415,2013,20,2013-04-26,4,6,4,0,1,0,6,0.0,0.7671437673065981,72,7,14,33
416,2013,15,2013-04-27,13,9,13,0,1,0,9,0.0,0.8936277096882714,75,26,42,19
418,2013,7,2013-04-28,0,6,6,1,1,0,0,0.8653284958441614,0.0,102,15,6,37
419,2013,25,2013-04-28,2,8,8,1,1,0,2,0.8747235217523348,0.0,37,27,14,33
420,2013,15,2013-04-29,12,9,9,1,1,0,9,0.0,0.6088398163508368,177,26,24,19
421,2013,21,2013-04-29,7,4,7,0,1,0,7,0.6472844587132678,0.0,144,34,7,2
422,2013,24,2013-04-30,0,8,0,0,1,0,0,0.9748475080052357,0.0,116,31,34,37
423,2013,13,2013-05-01,7,13,7,0,1,0,13,0.0,0.8334389767381968,61,23,7,31
424,2013,25,2013-05-01,6,2,6,0,1,0,2,0.0,0.8334389767381968,37,27,17,11
425,2013,7,2013-05-02,0,4,0,0,1,0,0,0.8747235217523348,0.0,164,15,24,43
426,2013,24,2013-05-02,12,8,12,0,1,0,12,0.8910914251309066,0.0,9,31,6,9
427,2013,20,2013-05-03,9,6,9,0,1,0,6,0.0,0.8936277096882714,193,7,17,11
428,2013,13,2013-05-04,2,13,2,0,1,0,13,0.0,0.7671437673065981,42,23,7,31
429,2013,2,2013-05-14,12,4,4,1,1,0,4,0.0,0.8334389767381968,10,14,17,33
431,2013,15,2013-05-05,8,9,8,0,1,0,9,0.0,0.6930983618900909,17,26,12,29
432,2013,2,2013-04-09,13,12,13,0,1,0,12,0.0,0.8334389767381968,187,14,35,37
433,2013,15,2013-05-07,2,9,2,0,1,0,9,0.0,0.9488659442403402,17,26,6,29
436,2013,6,2013-05-09,4,9,9,1,1,0,9,0.0,0.8936277096882714,80,22,17,33
437,2013,24,2013-05-09,6,8,6,0,1,0,6,0.9933924381659665,0.0,50,31,7,31
438,2013,9,2013-05-10,12,2,2,1,1,0,12,0.6472844587132678,0.0,69,8,26,19
439,2013,24,2013-05-11,8,7,8,0,1,0,7,0.0,0.6930983618900909,104,31,7,2
440,2013,6,2013-05-11,13,4,4,1,1,0,13,0.9550942182366755,0.0,129,22,34,29
441,2013,27,2013-05-12,12,6,6,1,1,0,6,0.0,0.6930983618900909,72,12,26,19
442,2013,15,2013-05-12,0,9,9,1,1,0,9,0.0,0.6930983618900909,174,26,17,11
443,2013,9,2013-04-23,2,4,4,1,1,0,4,0.0,0.6930983618900909,60,8,42,19
444,2013,21,2013-05-13,13,7,13,0,1,0,7,0.0,0.8334389767381968,76,34,2,37
445,2013,27,2013-05-15,8,6,6,1,1,0,8,0.7556419898798483,0.0,107,12,26,19
446,2013,7,2013-05-14,0,2,0,0,1,0,0,0.9643111639910493,0.0,116,15,12,29
447,2013,21,2013-05-15,7,9,9,1,1,0,7,0.8653284958441614,0.0,18,34,7,31
448,2013,6,2013-05-06,12,4,4,1,1,0,4,0.0,0.7671437673065981,36,22,42,23
449,2013,13,2013-05-17,13,9,13,0,1,0,13,0.9271653226354786,0.0,2,23,7,2
450,2013,10,2013-05-18,4,7,7,1,1,0,4,1.0,0.0,21,10,17,11
451,2013,24,2013-05-19,8,2,8,0,1,0,8,0.9772231539774787,0.0,88,31,26,37
452,2013,2,2013-05-18,12,0,0,1,1,0,12,0.9318682677321353,0.0,187,14,12,29
453,2013,13,2013-05-19,6,13,6,0,1,0,13,0.0,0.6930983618900909,129,23,7,31
454,2013,9,2013-05-21,0,7,0,0,1,0,0,0.9967980864381092,0.0,102,8,26,29
455,2013,9,2013-05-22,13,9,13,0,1,0,9,0.0,0.6088398163508368,27,8,35,29
456,2013,20,2013-05-24,9,7,9,0,1,0,7,0.0,0.6088398163508368,59,7,12,37
457,2013,20,2013-05-26,7,0,7,0,1,0,7,0.9271653226354786,0.0,76,7,17,37
458,2014,0,2014-04-16,6,7,6,0,1,0,6,0.9838302280867515,0.0,72,29,24,30
459,2014,28,2014-04-17,2,12,12,1,1,0,12,0.0,0.8936277096882714,194,28,6,33
460,2014,0,2014-04-18,0,4,0,0,1,0,4,0.0,0.7671437673065981,54,29,31,9
461,2014,0,2014-04-18,13,9,9,1,1,0,9,0.0,0.6088398163508368,17,29,8,30
462,2014,21,2014-04-19,7,12,12,1,1,0,12,0.0,0.8334389767381968,129,6,6,2
463,2014,21,2014-04-19,6,2,6,0,1,0,2,0.0,0.6088398163508368,74,6,6,43
464,2014,28,2014-04-20,9,4,4,1,1,0,4,0.0,0.8334389767381968,54,28,8,21
467,2014,21,2014-04-23,0,9,9,1,1,0,0,0.7556419898798483,0.0,141,6,17,30
468,2014,28,2014-04-24,6,12,12,1,1,0,6,0.4959400783779975,0.0,29,28,6,43
469,2014,21,2014-04-25,13,2,13,0,1,0,13,0.6472844587132678,0.0,15,6,24,33
470,2014,21,2014-04-25,7,0,7,0,1,0,0,0.0,0.8334389767381968,111,6,8,21
471,2014,0,2014-04-26,12,9,9,1,1,0,9,0.0,0.7671437673065981,134,29,17,9
472,2014,0,2014-04-26,4,6,6,1,1,0,4,0.9271653226354786,0.0,178,29,17,30
473,2014,28,2014-04-27,7,2,7,0,1,0,2,0.0,0.7671437673065981,96,28,6,43
474,2014,28,2014-04-27,13,0,13,0,1,0,0,0.0,0.6930983618900909,46,28,2,43
475,2014,21,2014-04-28,12,4,4,1,1,0,4,0.0,0.6930983618900909,178,6,8,33
476,2014,0,2014-04-29,9,6,9,0,2,0,9,0.0,0.0,75,29,6,2
477,2014,21,2014-04-30,13,7,7,1,1,0,13,0.8747235217523348,0.0,22,6,17,21
478,2014,27,2014-05-02,0,6,0,0,1,0,0,0.9671150471661265,0.0,141,12,2,23
479,2014,21,2014-05-03,4,7,4,0,1,0,7,0.0,0.6930983618900909,32,34,10,9
480,2014,9,2014-05-03,2,9,9,1,1,0,9,0.0,0.8334389767381968,81,8,41,33
481,2014,2,2014-05-04,13,12,12,1,1,0,12,0.0,0.6088398163508368,9,14,17,43
482,2014,1,2014-05-05,9,6,6,1,1,0,9,0.8155966085025603,0.0,134,24,26,11
483,2014,9,2014-05-05,2,0,0,1,1,0,0,0.0,0.8936277096882714,46,8,32,7
484,2014,21,2014-05-06,7,12,12,1,1,0,7,0.9049218214284984,0.0,144,34,35,19
485,2014,9,2014-05-07,2,6,2,0,1,0,6,0.0,0.8936277096882714,50,8,10,9
486,2014,8,2014-05-07,4,0,0,1,1,0,4,0.9897605608033992,0.0,54,0,17,25
487,2014,1,2014-05-08,13,9,9,1,1,0,13,0.9613798652445438,0.0,22,24,2,23
488,2014,2,2014-05-09,4,12,12,1,1,0,4,0.9613798652445438,0.0,178,14,35,19
489,2014,9,2014-05-10,2,13,13,1,1,1,13,0.0,0.8936277096882714,47,8,32,7
490,2014,21,2014-05-10,7,0,0,1,1,0,0,0.0,0.6088398163508368,46,34,17,43
491,2014,8,2014-05-11,4,6,6,1,1,0,6,0.0,0.9488659442403402,50,0,26,11
492,2014,2,2014-05-11,12,9,12,0,1,0,9,0.0,0.6930983618900909,75,14,35,29
493,2014,13,2014-05-12,13,7,13,0,1,0,7,0.0,0.8334389767381968,20,23,17,43
494,2014,27,2014-05-13,9,0,9,0,1,0,0,0.0,0.6930983618900909,141,12,10,9
495,2014,2,2014-05-13,12,2,2,1,1,0,12,0.8832712074845621,0.0,195,14,22,29
496,2014,13,2014-05-14,13,4,4,1,1,0,4,0.0,0.7671437673065981,190,23,42,25
497,2014,8,2014-05-14,7,6,6,1,1,0,6,0.0,0.7671437673065981,149,0,2,23
499,2014,27,2014-05-18,0,12,0,0,1,0,12,0.0,0.6930983618900909,9,12,10,9
500,2014,13,2014-05-18,13,6,13,0,1,0,6,0.0,0.8334389767381968,185,23,26,11
501,2014,1,2014-05-19,7,9,7,0,1,0,7,0.936295334078334,0.0,102,24,35,29
502,2014,9,2014-05-19,2,4,4,1,1,0,4,0.0,0.6088398163508368,19,8,17,25
503,2014,13,2014-05-20,12,13,12,0,1,0,13,0.0,0.8334389767381968,37,23,2,23
504,2014,20,2014-05-20,0,6,6,1,1,0,6,0.0,0.8936277096882714,149,7,32,9
505,2014,6,2014-05-21,4,7,7,1,1,0,7,0.0,0.8334389767381968,89,22,17,43
506,2014,20,2014-05-22,6,12,12,1,1,0,6,0.9550942182366755,0.0,149,7,2,11
507,2014,27,2014-05-22,0,13,13,1,1,0,13,0.0,0.7671437673065981,37,12,10,9
508,2014,21,2014-05-23,7,2,2,1,1,0,7,0.8747235217523348,0.0,102,34,35,29
509,2014,6,2014-05-23,4,9,9,1,1,0,4,0.8832712074845621,0.0,163,22,17,25
510,2014,2,2014-05-24,12,0,0,1,1,0,0,0.0,0.8936277096882714,116,14,2,23
511,2014,20,2014-05-24,13,6,6,1,1,0,6,0.0,0.6088398163508368,193,7,32,7
512,2014,6,2014-05-25,2,4,4,1,1,0,4,0.0,0.8334389767381968,97,22,17,43
513,2014,21,2014-05-25,9,7,7,1,1,0,7,0.0,0.6930983618900909,32,34,22,29
514,2014,20,2014-05-27,6,4,4,1,1,0,6,0.9481643211575561,0.0,185,7,26,33
515,2014,21,2014-05-28,7,0,0,1,1,0,0,0.0,0.8334389767381968,164,1,42,7
516,2014,21,2014-05-30,4,0,0,1,1,0,4,0.9318682677321353,0.0,188,34,17,29
517,2014,2,2014-06-01,4,6,6,1,1,0,6,0.0,0.5104050731715652,107,14,17,7
518,2015,20,2015-04-08,7,6,6,1,1,0,6,0.0,0.8334389767381968,93,7,35,9
519,2015,7,2015-04-09,0,2,2,1,1,0,0,0.34431061536305474,0.0,3,15,31,43
520,2015,24,2015-04-10,9,4,4,1,1,0,9,0.9404724142378595,0.0,75,16,36,10
521,2015,7,2015-04-11,0,13,0,0,1,0,0,0.9916063175946399,0.0,25,15,31,43
522,2015,20,2015-04-11,6,12,12,1,1,0,12,0.0,0.5104050731715652,30,7,35,9
523,2015,9,2015-04-12,2,9,9,1,1,0,9,0.0,0.5104050731715652,40,8,36,10
524,2015,21,2015-04-12,4,7,7,1,1,0,4,0.8982815962986972,0.0,53,34,2,20
525,2015,2,2015-04-13,12,13,13,1,1,0,13,0.0,0.8936277096882714,37,14,32,30
526,2015,1,2015-04-14,7,9,7,0,1,0,9,0.0,0.8334389767381968,172,24,2,34
527,2015,20,2015-04-30,0,6,6,1,1,0,6,0.0,0.8334389767381968,14,7,2,21
528,2015,24,2015-04-15,4,2,4,0,1,0,2,0.0,0.6930983618900909,98,16,13,19
529,2015,29,2015-04-16,13,9,9,1,1,0,9,0.0,0.7671437673065981,17,5,28,33
530,2015,21,2015-04-17,7,0,7,0,1,0,0,0.0,0.7671437673065981,3,34,2,21
531,2015,29,2015-04-18,2,13,2,0,1,0,2,0.6472844587132678,0.0,74,5,28,33
532,2015,24,2015-04-18,4,6,6,1,1,0,6,0.0,0.6088398163508368,14,16,36,11
533,2015,1,2015-04-19,0,9,0,0,1,0,9,0.0,0.8936277096882714,17,24,2,21
534,2015,2,2015-04-19,7,12,12,1,1,0,7,0.8982815962986972,0.0,59,14,31,43
535,2015,9,2015-04-20,2,6,6,1,1,0,6,0.0,0.7671437673065981,185,8,36,10
536,2015,1,2015-04-21,9,4,4,1,2,0,4,0.0,0.0,163,24,24,33
537,2015,29,2015-04-22,13,6,6,1,1,1,13,0.8832712074845621,0.0,37,5,31,43
538,2015,2,2015-04-22,0,12,12,1,1,0,0,0.9444221249554847,0.0,164,14,19,9
539,2015,9,2015-04-23,2,7,7,1,1,0,2,0.9748475080052357,0.0,175,8,36,11
540,2015,1,2015-04-24,9,12,12,1,1,0,12,0.0,0.9488659442403402,99,24,24,33
541,2015,21,2015-04-25,7,13,7,0,1,0,7,0.9110786462859171,0.0,167,34,17,10
543,2015,9,2015-04-26,2,12,12,1,1,0,12,0.0,1.0,189,8,24,33
544,2015,6,2015-04-27,13,4,4,1,1,0,13,0.9110786462859171,0.0,182,22,17,10
545,2015,20,2015-05-07,6,2,6,0,1,0,6,0.8549366913885268,0.0,132,7,2,21
546,2015,2,2015-04-29,12,9,9,1,0,0,7,0.0,0.0,30,14,19,25
547,2015,7,2015-04-28,0,6,6,1,1,0,0,0.4959400783779975,0.0,39,15,32,43
548,2015,9,2015-05-01,4,2,2,1,1,0,2,0.0,0.9488659442403402,124,8,31,33
549,2015,21,2015-05-01,7,9,9,1,1,0,7,0.7789601914736602,0.0,20,34,17,11
550,2015,2,2015-05-02,6,12,12,1,1,0,12,0.0,0.8334389767381968,119,14,19,25
551,2015,13,2015-05-02,13,0,0,1,1,0,13,0.9221566944978739,0.0,37,23,2,20
552,2015,6,2015-05-03,7,4,7,0,1,0,7,0.9271653226354786,0.0,89,22,31,43
553,2015,21,2015-05-03,9,2,2,1,1,0,9,0.8653284958441614,0.0,17,1,17,10
554,2015,7,2015-05-04,0,12,0,0,1,0,0,0.9318682677321353,0.0,164,15,12,19
555,2015,20,2015-05-04,6,13,13,1,1,0,6,0.9698004623968379,0.0,185,7,2,21
556,2015,21,2015-05-05,2,7,2,0,1,0,7,0.0,0.6930983618900909,59,34,17,10
558,2015,21,2015-05-07,13,9,9,1,1,0,13,0.7556419898798483,0.0,48,1,19,9
559,2015,7,2015-05-08,0,7,0,0,1,0,7,0.0,0.7671437673065981,56,15,13,11
560,2015,20,2015-05-09,4,6,4,0,1,0,6,0.0,0.23492560746361985,14,7,2,14
561,2015,25,2015-05-09,13,2,13,0,1,0,13,0.727453083295155,0.0,100,27,42,33
562,2015,21,2015-05-10,12,7,12,0,1,0,12,0.9795085262616949,0.0,9,34,19,9
563,2015,7,2015-05-10,0,9,0,0,1,0,0,0.8433590235833608,0.0,141,15,24,11
564,2015,13,2015-05-11,13,4,13,0,1,0,13,0.6924291978272559,0.0,37,23,2,14
565,2015,25,2015-05-12,0,2,0,0,1,0,2,0.0,0.7671437673065981,196,27,31,43
566,2015,6,2015-05-13,4,12,12,1,1,0,4,0.9221566944978739,0.0,19,22,19,9
567,2015,21,2015-05-14,7,6,6,1,1,0,7,0.6924291978272559,0.0,56,34,31,43
568,2015,13,2015-05-15,13,12,13,0,1,1,12,0.0,0.7671437673065981,187,23,2,14
569,2015,6,2015-05-16,4,0,4,0,1,0,0,0.0,0.8334389767381968,127,22,14,9
570,2015,21,2015-05-16,9,6,9,0,1,0,9,0.7986633850672736,0.0,174,1,32,30
571,2015,2,2015-05-17,2,12,12,1,0,0,7,0.0,0.0,30,14,17,20
572,2015,13,2015-05-17,13,7,13,0,1,0,7,0.0,0.9488659442403402,106,23,13,19
573,2015,21,2015-05-19,7,0,7,0,1,0,7,0.936295334078334,0.0,76,34,17,30
575,2015,27,2015-05-22,12,0,0,1,1,0,0,0.0,0.5104050731715652,3,12,2,10
576,2015,20,2015-05-24,7,0,0,1,1,0,7,0.9838302280867515,0.0,144,7,17,30
577,2016,21,2016-04-09,7,11,7,0,1,0,11,0.0,0.9488659442403402,17,34,17,11
578,2016,20,2016-04-10,2,6,6,1,1,0,6,0.0,0.9488659442403402,14,7,35,9
579,2016,6,2016-04-11,4,3,3,1,1,0,3,0.0,0.6930983618900909,15,21,2,43
580,2016,2,2016-04-12,12,13,13,1,1,0,12,0.9916063175946399,0.0,9,14,17,44
581,2016,20,2016-04-13,6,7,7,1,1,0,7,0.0,0.7671437673065981,144,7,27,33
582,2016,26,2016-04-14,11,3,11,0,1,0,3,0.0,0.8334389767381968,15,25,42,11
583,2016,9,2016-04-15,4,2,2,1,1,0,2,0.0,0.8936277096882714,2,8,35,9
584,2016,13,2016-04-16,13,6,13,0,1,0,6,0.0,0.8936277096882714,50,23,2,11
585,2016,21,2016-04-16,7,3,3,1,1,0,3,0.0,0.5104050731715652,15,34,17,44
586,2016,6,2016-04-17,11,4,11,0,1,0,4,0.0,0.7671437673065981,97,21,35,9
587,2016,2,2016-04-17,12,2,2,1,1,0,2,0.0,0.8334389767381968,135,14,42,1
588,2016,13,2016-04-18,7,13,13,1,1,0,13,0.0,0.8334389767381968,37,23,17,44
589,2016,6,2016-04-19,4,6,6,1,1,0,6,0.0,0.7671437673065981,149,21,35,9
590,2016,21,2016-04-20,12,7,7,1,1,0,7,0.0,0.7671437673065981,144,34,2,11
591,2016,26,2016-04-21,3,13,13,1,1,0,13,0.0,1.0,22,25,20,14
592,2016,24,2016-04-22,12,11,11,1,1,0,12,0.8549366913885268,0.0,9,16,13,44
593,2016,9,2016-04-23,2,7,7,1,1,0,2,0.8155966085025603,0.0,177,8,35,9
594,2016,13,2016-04-23,4,13,13,1,1,0,13,0.0,0.6930983618900909,122,23,2,11
595,2016,26,2016-04-24,12,3,12,0,1,0,3,0.0,0.7671437673065981,187,25,20,7
596,2016,24,2016-04-24,11,6,6,1,1,0,6,0.0,0.3907242682510185,159,16,13,1
597,2016,6,2016-04-25,7,4,4,1,1,0,7,0.936295334078334,0.0,129,21,27,29
598,2016,13,2016-04-26,13,11,11,1,1,1,11,0.9671150471661265,0.0,8,23,5,11
599,2016,9,2016-04-27,3,2,2,1,1,0,3,0.34431061536305474,0.0,31,8,24,33
600,2016,21,2016-04-28,6,7,7,1,1,0,7,0.0,0.7671437673065981,144,34,27,29
601,2016,24,2016-04-29,11,3,3,1,1,0,3,0.0,0.5104050731715652,46,16,13,7
602,2016,9,2016-04-30,2,6,6,1,1,0,2,0.9444221249554847,0.0,34,8,23,21
603,2016,13,2016-04-30,13,12,12,1,1,0,13,0.8747235217523348,0.0,37,23,2,14
604,2016,26,2016-05-01,4,3,3,1,1,0,4,0.9271653226354786,0.0,19,25,10,44
605,2016,24,2016-05-01,11,7,7,1,1,0,7,0.0,0.8936277096882714,144,16,5,29
606,2016,2,2016-05-02,12,6,6,1,1,0,6,0.0,0.6930983618900909,14,14,24,33
607,2016,26,2016-05-03,3,2,2,1,1,0,2,0.0,0.8936277096882714,147,25,13,7
608,2016,20,2016-05-04,6,4,4,1,1,0,6,0.7556419898798483,0.0,14,7,2,14
609,2016,9,2016-05-05,2,11,11,1,1,0,11,0.0,0.8334389767381968,17,8,12,29
610,2016,13,2016-05-06,3,13,13,1,1,0,13,0.0,0.6930983618900909,22,23,24,33
611,2016,2,2016-05-07,11,12,12,1,1,0,12,0.0,0.8334389767381968,187,14,13,7
612,2016,6,2016-05-07,4,2,2,1,1,0,4,0.7986633850672736,0.0,113,21,17,11
614,2016,20,2016-05-08,6,3,3,1,1,0,3,0.0,0.6930983618900909,126,7,24,29
615,2016,6,2016-05-09,12,4,4,1,1,0,12,0.34431061536305474,0.0,174,21,2,14
616,2016,29,2016-05-10,13,11,13,0,1,0,13,0.6472844587132678,0.0,6,5,13,44
617,2016,2,2016-05-11,12,7,7,1,1,0,7,0.0,0.7671437673065981,79,14,5,9
618,2016,13,2016-05-12,13,2,2,1,1,0,2,0.0,0.8334389767381968,31,23,20,21
619,2016,29,2016-05-13,7,4,7,0,1,0,4,0.0,0.8334389767381968,113,5,17,11
621,2016,20,2016-05-14,11,6,11,0,1,1,6,0.0,0.8936277096882714,193,7,1,7
622,2016,6,2016-05-15,4,13,4,0,1,0,13,0.0,0.8334389767381968,57,21,23,21
624,2016,20,2016-05-16,6,12,12,1,1,0,12,0.0,0.9488659442403402,187,7,13,1
625,2016,29,2016-05-17,2,11,11,1,1,1,11,0.9049218214284984,0.0,8,5,27,9
627,2016,17,2016-05-19,6,3,3,1,1,0,3,0.0,0.7671437673065981,46,9,2,11
628,2016,25,2016-05-20,13,2,2,1,1,0,2,0.0,0.7671437673065981,81,27,1,7
629,2016,29,2016-05-21,4,11,4,0,1,0,11,0.0,0.6088398163508368,116,5,17,24
630,2016,17,2016-05-21,7,3,3,1,1,0,3,0.0,0.7671437673065981,164,9,2,11
631,2016,20,2016-05-22,6,13,13,1,1,0,6,0.9221566944978739,0.0,193,7,23,21
632,2016,25,2016-05-22,2,12,12,1,1,0,12,0.0,0.7671437673065981,187,27,1,7
633,2016,2,2016-05-24,3,12,12,1,1,0,12,0.0,0.6088398163508368,9,14,2,14
634,2016,9,2016-05-25,13,6,6,1,1,0,13,0.9221566944978739,0.0,100,8,24,9
635,2016,9,2016-05-27,3,13,13,1,1,0,13,0.0,0.6088398163508368,37,8,24,11
636,2016,2,2016-05-29,13,12,13,0,1,0,13,0.7789601914736602,0.0,26,14,17,7
